question,answer
How often should I get my car serviced?,"It's recommended to have your car serviced every 10,000 to 12,000 miles, or once a year, whichever comes first. However, check your owner's manual, as some models may have different recommendations."
What types of routine maintenance does my car need?,"Routine maintenance includes oil changes, tire rotations, brake inspections, and fluid level checks. Regularly scheduled services also help identify potential issues early."
How do I know if my car's oil needs to be changed?,"You can check your oil level using the dipstick under the hood. Additionally, modern cars often have an oil change reminder on the dashboard, which notifies you when it's time for a change."
What's included in a basic service for my car?,"Basic services typically include oil and filter changes, brake inspections, fluid level checks, tire pressure checks, and general safety inspections."
What type of fuel is best for my car?,"Your owner's manual provides the recommended fuel type. Using the recommended fuel type optimizes performance and fuel economy, while using lower-quality fuel can sometimes impact the engine's performance."
How can I improve my car's fuel efficiency?,"Simple steps like maintaining proper tire pressure, avoiding excessive idling, and regular maintenance can improve fuel efficiency. Reducing excess weight in the vehicle also helps."
How do I update the software in my car's infotainment system?,"Most systems update automatically, but if yours needs a manual update, you can download the latest software from the manufacturer's website and install it via USB or through an over-the-air update."
What should I do if I get a flat tire while driving?,"First, safely pull over to the side of the road. If you have a spare tire, you may replace it yourself, or call our roadside assistance team to help you change the tire or tow you to the nearest service center."
How long does it take to fully charge an electric vehicle?,"Charging times vary based on charger type. A Level 1 charger may take 12-24 hours, while a Level 3 fast charger can charge up to 80% in about 30 minutes."
What are my options at the end of a car lease?,"At lease end, you can return the car, buy it, or start a new lease. We'll notify you in advance of your options, and you can discuss them with a lease advisor."
Where can I find my VIN number?,"The VIN can typically be found on the dashboard near the windshield, driver's side door jamb, vehicle registration documents, or insurance cards."
How often should I rotate my tires?,"Tires should be rotated every 5,000 to 8,000 miles to ensure even wear and extend their lifespan."
What should I do if my check engine light comes on?,"Don't panic, but have your vehicle checked soon. It could be something minor like a loose gas cap or something more serious requiring immediate attention."
How often should I replace my windshield wipers?,"Windshield wipers should be replaced every 6-12 months, or sooner if you notice reduced visibility or squeaking sounds."
What's the recommended tire pressure for my car?,The recommended tire pressure can be found in your owner's manual or on a sticker inside the driver's side door jamb. Usually it's between 30-35 PSI for most passenger vehicles.
How do I pair my phone with the car's Bluetooth system?,"Enable Bluetooth on your phone, go to your car's infotainment system, select Bluetooth settings, choose 'Add New Device,' and select your phone when it appears."
What should I do if my car overheats?,"Safely pull over, turn off the engine, and let it cool down. Don't open the radiator cap while hot. Call for assistance if needed."
How often should I replace my car battery?,"Car batteries typically last 3-5 years, but this can vary based on climate and usage patterns. Have it tested regularly during maintenance."
What does the ABS warning light mean?,The ABS (Anti-lock Braking System) warning light indicates a potential issue with your braking system. Have it checked by a professional as soon as possible.
How do I know when to replace my brake pads?,"Listen for squealing sounds, check for decreased brake responsiveness, or have them inspected during routine maintenance. Most brake pads should be replaced every 30,000-50,000 miles."
What's the difference between regular and synthetic oil?,"Synthetic oil is more refined and provides better engine protection, particularly in extreme temperatures. It typically lasts longer between changes but costs more."
How can I improve my car's resale value?,"Keep up with regular maintenance, maintain service records, fix minor issues promptly, keep it clean, and avoid modifications that might not appeal to future buyers."
What should I keep in my car for emergencies?,"Keep a basic emergency kit including jumper cables, flashlight, basic tools, first-aid kit, blanket, and emergency contact numbers."
How do I check my transmission fluid?,"With the engine running and warm, park on level ground, locate the transmission dipstick, remove it, wipe clean, reinsert, and check the level and color of the fluid."
What does premium fuel do for my car?,Premium fuel has a higher octane rating which prevents engine knocking in high-compression engines. Only use it if recommended by your manufacturer.
How do I know if my alternator is failing?,"Signs include dim lights, battery warning light, weak battery, strange noises, or electrical problems that worsen while driving."
What's the proper way to wash my car?,"Use car-specific soap, wash in sections from top to bottom, use separate mitts for wheels, and dry with microfiber towels to prevent scratches."
How do I prepare my car for winter?,"Check the battery, replace wiper blades, inspect tires, test the heater and defroster, check antifreeze levels, and keep an emergency kit."
What's the purpose of wheel alignment?,"Proper wheel alignment ensures even tire wear, better fuel efficiency, and proper handling. Get an alignment if you notice pulling to one side."
How do I jump-start an electric vehicle?,"Most EVs cannot be jump-started like traditional cars. If the 12V battery dies, consult your owner's manual or call roadside assistance."
What's the difference between AWD and 4WD?,"All-Wheel Drive (AWD) automatically sends power to all wheels continuously, while 4-Wheel Drive (4WD) is typically manually engaged and is better for off-road conditions."
How do I know if my timing belt needs replacement?,"Most timing belts should be replaced every 60,000 to 100,000 miles. Check your owner's manual for specific intervals. Signs of wear include engine misfiring or ticking sounds."
What's the difference between a sunroof and moonroof?,"A sunroof is typically a solid body-colored panel that tilts up or removes, while a moonroof is a transparent glass panel that slides between the roof and headliner."
How do I clean my car's interior properly?,"Vacuum thoroughly, use appropriate cleaners for different surfaces (leather, fabric, plastic), clean windows with automotive glass cleaner, and consider using protectant products."
What causes poor acceleration?,"Common causes include dirty air filters, spark plug issues, fuel system problems, transmission problems, or clogged catalytic converters. Have a diagnostic test performed."
How do I know if my suspension needs work?,"Signs include bouncing after bumps, nose-diving when braking, uneven tire wear, or unusual noises when going over bumps or turning."
What's the purpose of a cabin air filter?,"The cabin air filter removes dust, pollen, and other particles from the air entering your car's ventilation system. Replace it every 15,000-25,000 miles."
How do I prevent rust on my car?,"Wash regularly, especially in winter, fix paint chips promptly, apply protective coatings, keep drainage holes clear, and park in covered areas when possible."
What should I do if my key fob stops working?,"First try replacing the battery. If that doesn't work, try reprogramming the fob following your manual's instructions or contact a dealer for assistance."
How do I know if my spark plugs need replacing?,"Signs include rough idling, trouble starting, engine misfires, increased fuel consumption, and sluggish acceleration. Replace according to your manual's schedule."
What causes squeaking brakes?,"Squeaking can be caused by worn brake pads, weather conditions, dust or debris, or worn shims. Have them inspected if the sound persists."
How do I maintain my car's air conditioning?,"Run the A/C regularly, even in winter, replace cabin air filters, keep the condenser clean, and have the system checked if you notice reduced cooling."
What's the best way to store a car long-term?,"Clean thoroughly, change oil, fill gas tank, maintain battery charge, use tire stands to prevent flat spots, and consider a breathable car cover."
How do I decode my tire size numbers?,"Tire numbers (e.g., P215/55R17) indicate type, width, aspect ratio, construction, and wheel diameter. Check your manual for proper sizing."
What's the difference between horsepower and torque?,"Horsepower measures power output and top-end performance, while torque measures rotational force and acceleration capability, especially from a stop."
How do I know if my car needs an alignment?,"Signs include uneven tire wear, vehicle pulling to one side, crooked steering wheel when driving straight, or steering wheel vibration."
What causes a car to overheat?,"Common causes include low coolant, leaks, faulty thermostat, broken water pump, or blocked radiator. Regular maintenance helps prevent overheating."
How do I maintain leather seats?,"Clean with leather cleaner, condition regularly, avoid direct sunlight when parking, and clean spills immediately to prevent staining."
What's the purpose of a catalytic converter?,The catalytic converter reduces harmful emissions by converting exhaust gases into less harmful substances before they leave the vehicle.
How do I know if my fuel pump is failing?,"Signs include sputtering at high speeds, loss of power during acceleration, surging, decreased fuel efficiency, and whining sounds from the tank."
What causes steering wheel vibration?,"Common causes include unbalanced tires, worn brake rotors, wheel alignment issues, or worn suspension components."
How do I protect my car's paint?,"Wash regularly, wax every 3-4 months, park in covered areas when possible, remove bird droppings promptly, and consider ceramic coating or paint protection film."
What's the difference between disc and drum brakes?,"Disc brakes use calipers to squeeze pads against a rotor, while drum brakes use shoes that press against the inside of a drum. Disc brakes generally provide better stopping power."
How do I maintain my hybrid's battery?,"Avoid frequent full charges or complete discharges, maintain moderate speeds, use regenerative braking, and follow manufacturer-recommended maintenance schedules."
What causes transmission slipping?,"Common causes include low fluid, worn clutch, damaged gears, solenoid problems, or transmission fluid leaks. Have it checked by a professional."
How do I improve my car's handling?,"Maintain proper tire pressure, replace worn suspension components, get regular alignments, and consider performance tires or suspension upgrades."
What's the purpose of differential fluid?,Differential fluid lubricates the gears that allow your wheels to turn at different speeds when cornering. Replace according to manufacturer schedule.
How do I protect my car from theft?,"Use steering wheel locks, install an alarm system, park in well-lit areas, never leave valuables visible, and consider installing a GPS tracking system."
What causes a car to backfire?,"Backfiring can be caused by incorrect fuel mixture, ignition timing issues, vacuum leaks, or exhaust system problems."
How do I maintain my car's resale value?,"Keep detailed maintenance records, repair damage promptly, park in covered areas, maintain original parts, and avoid excessive modifications."
What's the purpose of engine coolant?,"Coolant regulates engine temperature, prevents freezing in cold weather, prevents corrosion, and lubricates the water pump."
How do I know if my radiator needs replacing?,"Signs include engine overheating, coolant leaks, discolored or rusty coolant, or visible damage to the radiator fins."
Can I transfer my car warranty to a new owner?,"Yes, the remaining factory warranty can be transferred to a new owner. Contact our warranty department with the new owner's information and vehicle details to process the transfer."
How do I schedule a test drive?,"You can schedule a test drive through our website, mobile app, or by calling your nearest dealership. Have your driver's license ready and allow about an hour for the complete experience."
What financing options are available for first-time buyers?,"We offer special first-time buyer programs including lower down payment options, competitive rates, and flexible terms. We also provide credit-building programs and can work with co-signers."
How can I track my car's delivery status?,"Once your order is confirmed, you'll receive a tracking number to monitor your vehicle's status through our website or app. You can also contact your sales representative for updates."
What documents do I need to bring when picking up my new car?,"Bring your driver's license, proof of insurance, method of payment, and any trade-in vehicle documentation. If financing, bring proof of income and residence."
Do you offer price matching with other dealerships?,"Yes, we offer competitive price matching. Bring in a written quote from another authorized dealer for the same model and trim, and we'll match legitimate offers."
Can I customize my car after purchase?,"Yes, we offer various customization options through our authorized service centers. This ensures warranty compliance while personalizing your vehicle. Contact our accessories department for options."
What happens if I miss a car payment?,Contact our finance department immediately if you anticipate payment issues. We can often work out payment arrangements or temporary solutions to help you avoid late fees and credit impacts.
How do I cancel my lease early?,"Early lease termination options include lease transfer, buyout, or return with early termination fees. Contact our lease department to discuss your specific situation and available options."
Can I return my new car if I'm not satisfied?,"We offer a 7-day/500-mile return policy for new vehicles. The car must be in original condition with no damage. Some restrictions apply, contact your sales representative for details."
What's covered under the certified pre-owned warranty?,"Our certified pre-owned warranty covers major components for 7 years/100,000 miles, including powertrain, electrical systems, and safety features. It also includes roadside assistance."
How do I get a copy of my service history?,"You can access your complete service history through your online account, request it from our service department, or visit any of our dealerships with your VIN number."
Do you offer loaner cars during service?,"Yes, complimentary loaner vehicles are available for warranty repairs and major services. Advance reservation is required and subject to availability."
What's your policy on using aftermarket parts?,Using aftermarket parts may affect your warranty coverage. We recommend using genuine parts for optimal performance and warranty protection. Consult our service department for specific cases.
How do I file a warranty claim?,"Contact our warranty department or visit any authorized dealer. Provide your VIN, current mileage, and description of the issue. We'll guide you through the claim process."
Can I service my leased vehicle at any dealership?,"Yes, you can service your leased vehicle at any of our authorized dealerships. Regular maintenance is required to comply with lease terms."
What happens if my car gets damaged during service?,We're fully insured and will repair any damage that occurs during service at our facility. Document the condition with photos before and after service.
Do you offer mobile service or at-home repairs?,"Yes, we offer mobile service for basic maintenance and minor repairs. Schedule through our app or website. Service availability varies by location and type of repair needed."
How do I dispute a service charge?,Contact our customer service department with your invoice number and details of the dispute. We'll review your case and respond within 48 hours.
What's your policy on trade-ins with existing loans?,"We accept trade-ins with existing loans. We'll pay off your current loan and apply any positive equity to your new purchase, or roll negative equity into the new loan if applicable."
Do you offer gap insurance?,"Yes, we offer gap insurance to cover the difference between your insurance payout and loan balance if your car is totaled. Ask our finance department for current rates."
Can I modify my monthly payment due date?,"Yes, you can request a payment date modification through our finance portal or by contacting our finance department. One change is allowed every 12 months."
What happens if my car gets recalled?,We'll notify you by mail and email about any recalls. Repairs are performed free of charge at any authorized dealer. Schedule your recall service as soon as possible.
How do I update my ownership information?,"Update your information through our owner portal online, or visit any dealership with proof of ownership and your new contact details."
Do you offer special military discounts?,"Yes, we offer special pricing and financing options for active duty military and veterans. Bring your military ID or discharge papers to qualify."
What's your policy on paint defects?,"Paint defects are covered under warranty for 3 years/36,000 miles. Contact our service department for inspection and documentation if you notice any issues."
Can I transfer my lease to someone else?,"Yes, lease transfer is possible subject to credit approval of the new lessee. Transfer fees and restrictions apply. Contact our lease department for details."
How do I get a duplicate key made?,"Keys can be ordered through our parts department. For security, bring your ID, vehicle registration, and proof of ownership. Programming fees may apply."
What's your policy on tire damage?,"Tire damage isn't covered under vehicle warranty, but we offer tire protection plans. Contact our service department for inspection and replacement options."
Do you offer student discounts?,"Yes, we offer special college graduate programs including price discounts and preferred financing rates for recent graduates. Proof of graduation required."
How do I register for the mobile app?,Download our app and register using your VIN number and email associated with your purchase. Contact technical support if you need assistance.
What's covered under the extended maintenance plan?,"Our extended maintenance plan covers scheduled maintenance including oil changes, tire rotations, brake service, and major services for up to 5 years."
Can I upgrade my infotainment system?,"Yes, we offer software updates and hardware upgrades for most models. Contact our technology department for compatibility and options."
Do you offer winter tire storage?,"Yes, we offer seasonal tire storage at select locations. Contact our service department for availability and rates in your area."
What's your policy on windshield replacement?,Windshield replacement can be done through our service department. We work directly with most insurance companies and offer competitive rates for out-of-pocket repairs.
How do I set up automatic payments?,Set up automatic payments through our finance portal or contact our finance department. You'll need your account number and banking information.
Do you offer corporate fleet discounts?,"Yes, we offer corporate fleet programs with special pricing, maintenance packages, and dedicated account management. Contact our fleet department for details."
What's your policy on battery replacement?,"Original batteries are warranted for 3 years/36,000 miles. We offer competitive pricing on replacements and free battery testing at all locations."
Can I transfer my extended warranty to another vehicle?,"Extended warranties are typically vehicle-specific, but we offer pro-rated refunds if you sell your vehicle. Contact our warranty department for options."
How do I report a safety concern?,Report safety concerns to our customer safety hotline or visit any dealership. All safety concerns are investigated promptly and documented.
What's your policy on software updates?,We provide complimentary software updates for critical systems. Some feature upgrades may have associated costs. Check our technology portal for available updates.
Do you offer valet service?,Select locations offer valet pickup and delivery for service appointments. Schedule through our app or contact your local dealership for availability.
Can I prepay my lease?,"Yes, you can make lease pre-payments or pay off the lease entirely. Contact our lease department to discuss options and any applicable discounts."
What's your policy on interior damage?,Interior damage isn't covered under standard warranty but may be covered under extended protection plans. Contact our service department for repair options.
How do I file an insurance claim for repairs?,Our service department can help coordinate with your insurance company and provide necessary documentation. We work with all major insurance providers.
Do you offer charging station installation for EVs?,"Yes, we partner with certified electricians for home charging station installation. Consultation and quotes are complimentary with EV purchase."
What's your policy on paint protection films?,We offer professional installation of paint protection films with warranty coverage. Contact our appearance protection department for packages and pricing.
Can I add features after purchase?,Many features can be added post-purchase through our parts and service department. Some restrictions apply based on model and compatibility.
How do I update my navigation system maps?,"Navigation updates are available through our technology portal or dealership. Some updates are complimentary, others may have associated costs."
What's your policy on noise complaints?,We investigate all noise complaints thoroughly. Schedule a diagnostic appointment with our service department for documentation and resolution.
Do you offer rental car discounts?,"Yes, we offer preferred rates with major rental car companies while your vehicle is being serviced. Contact our service department for arrangements."
Can I change my lease mileage allowance?,"Yes, lease mileage allowances can be adjusted. Contact our lease department to discuss changes and associated rate adjustments."
What's your policy on transmission fluid changes?,Transmission service intervals vary by model. Consult your maintenance schedule or contact our service department for recommendations.
Can I get an online virtual tour of the vehicle before visiting?,"Yes, we offer 360-degree virtual tours through our website. You can also schedule a live video walkthrough with our sales team who can highlight specific features you're interested in."
What happens if my car's advanced driver assistance system needs calibration?,ADAS calibration is required after windshield replacement or certain repairs. Our certified technicians use specialized equipment to ensure proper calibration. This service takes 2-3 hours.
Do you offer contactless vehicle delivery?,"Yes, we offer contactless delivery with digital documentation and sanitized vehicles. All paperwork can be completed online, and we'll deliver your vehicle to your preferred location."
How do I activate the remote start feature through my smartphone?,"Download our connected services app, register your vehicle, and subscribe to the remote services package. Once activated, you can remote start, lock/unlock, and locate your vehicle through the app."
What's your policy on test drives for people with disabilities?,We offer extended test drives for customers with disabilities to ensure proper fit and comfort. Our mobility specialists can demonstrate adaptive equipment and discuss modification options.
Can I get my car serviced if I purchased it in another country?,"Yes, our global warranty program covers service at any authorized dealer worldwide. Bring your vehicle documentation and maintenance history for seamless service."
How do I set up the driver profile memory settings?,"Driver profiles can store seat, mirror, climate, and entertainment preferences. Access the vehicle settings menu, select 'Driver Profiles,' and follow the setup wizard. Up to 4 profiles can be stored."
What's included in the connected services subscription?,"Connected services include remote vehicle access, emergency assistance, vehicle health reports, navigation updates, and concierge services. Different packages are available based on your needs."
Do you offer charging credits for electric vehicles?,"Yes, new EV purchases include complimentary charging credits at major charging networks. Credits are automatically loaded to your connected services account upon vehicle delivery."
How do I update my vehicle's voice recognition system?,"Voice recognition updates are available through the infotainment system or our app. Connect to Wi-Fi, go to 'System Updates,' and follow the prompts. Updates typically take 30-45 minutes."
What's your policy on paint color matching for repairs?,We use computerized color matching technology and factory-approved paint systems. Each repair includes a color match guarantee and lifetime warranty on the paint work.
Can I schedule service appointments through voice commands?,"Yes, if your vehicle has connected services, you can use voice commands to schedule service. Say 'Schedule Service' and follow the prompts, or use our virtual assistant through the mobile app."
How do I enroll in the loyalty rewards program?,"Enroll through our website or app using your VIN number. Loyalty points are earned on purchases, service, and referrals. Points can be redeemed for service, accessories, or future purchases."
What accommodation do you provide for international customers?,"We offer translation services, international payment processing, export documentation assistance, and global shipping coordination. Our international sales team can guide you through the process."
How do I know if my vehicle is compatible with renewable fuels?,Check your fuel door label or owner's manual for fuel compatibility. Our technical team can provide detailed information about biofuel compatibility and warranty coverage.
Do you offer custom ordering for specific configurations?,"Yes, we offer factory custom orders with your choice of colors, options, and packages. Custom orders typically take 8-12 weeks for delivery, and we provide regular status updates."
What's your policy on software rollbacks if I don't like an update?,System software can be rolled back to the previous version within 14 days of an update. Contact our technical support team to request a rollback and assistance with the process.
How do I access the built-in dashcam features?,"If your vehicle is equipped with dashcam capability, enable it through the security settings menu. Footage can be accessed through the infotainment system or downloaded to your phone via the app."
Can I get a mobile charger installed in my garage?,"Yes, we partner with certified electricians who can assess your home's electrical system and install a mobile charger. Installation quotes are free, and financing options are available."
What's your policy on over-the-air update failures?,"If an OTA update fails, the system will automatically revert to the previous version. Contact our technical support for assistance with reattempting the update or scheduling service."
How do I set up geofencing alerts for my vehicle?,"Through the connected services app, go to 'Vehicle Settings,' select 'Geofence,' and create boundaries. You'll receive notifications when your vehicle enters or exits these areas."
Do you offer carbon offset programs for vehicle emissions?,"Yes, we partner with environmental organizations to offer carbon offset programs. You can opt in during purchase or add it later through our sustainability program."
What's your policy on charging station malfunctions during charging?,"If you experience issues at our branded charging stations, contact our 24/7 charging support. We'll assist with the problem or redirect you to the nearest alternative station."
How do I activate the teen driver safety features?,"Teen driver settings can be activated through the vehicle settings menu. Set speed limits, audio restrictions, and receive driving reports through the connected services app."
Can I get my vehicle's maintenance schedule adjusted for severe conditions?,"Yes, we offer customized maintenance schedules based on your driving conditions and climate. Our service advisors can create a personalized maintenance plan."
What's your policy on road hazard coverage for performance tires?,"Our road hazard protection covers damage from potholes, nails, and other road hazards. Coverage includes free repair or replacement depending on damage severity."
How do I pair multiple smartphones with my vehicle?,"Your vehicle can store up to 10 phone profiles. Access Bluetooth settings, select 'Add Device,' and follow pairing instructions. Priority can be set for multiple connected phones."
Do you offer virtual reality vehicle configuration?,"Yes, our showrooms feature VR configuration stations where you can visualize different colors, options, and features. You can also access VR configuration through our mobile app."
What's your policy on battery degradation in hybrid vehicles?,"Hybrid batteries are warranted against excessive degradation for 8 years/100,000 miles. Annual battery health checks are included in your maintenance schedule."
Can I get emergency roadside service through the vehicle's SOS button?,"Yes, pressing the SOS button connects you with our 24/7 roadside assistance center. They can dispatch help and track your location through the vehicle's GPS."
