How to change the car engine oil?,Maintenance & Servicing
How to change the car engine oil?,Maintenance & Servicing
How to change engine oil?,Maintenance & Servicing
How to change engine oil?,Maintenance & Servicing
I am happy?,Miscellaneous
My car emission is very high,Environmental & Safety Concerns
My car emission is very high,Environmental & Safety Concerns
My car ,Technical Issues & Troubleshooting
My car engine stops suddenly,Technical Issues & Troubleshooting
What types of routine maintenance does my car need?,Maintenance & Servicing
What types of routine maintenance does my car need?,Maintenance & Servicing
What is the phone number of customer service?,Sales & Post-Purchase Services
What is the phone number of customer service?,Sales & Post-Purchase Services
